[
  {
    "id": "5060487b-a02c-485e-97ef-a9c5d4cdd6fe",
    "data": [
      {
        "text": "I want to make ",
        "userDefined": false
      },
      {
        "text": "@DietTypes:DietTypes",
        "alias": "DietTypes",
        "meta": "@DietTypes",
        "userDefined": true
      },
      {
        "text": " ",
        "userDefined": false
      },
      {
        "text": "@Foods:Foods",
        "alias": "Foods",
        "meta": "@Foods",
        "userDefined": true
      }
    ],
    "isTemplate": false,
    "count": 0,
    "updated": 0
  },
  {
    "id": "236781ba-5fbd-4337-b9a0-3f320b93ae9a",
    "data": [
      {
        "text": "I want to coke ",
        "userDefined": false
      },
      {
        "text": "@DietTypes:DietTypes",
        "alias": "DietTypes",
        "meta": "@DietTypes",
        "userDefined": true
      },
      {
        "text": " ",
        "userDefined": false
      },
      {
        "text": "@Foods:Foods",
        "alias": "Foods",
        "meta": "@Foods",
        "userDefined": true
      }
    ],
    "isTemplate": false,
    "count": 0,
    "updated": 0
  },
  {
    "id": "f5426362-aa8c-4ebd-819b-37877ebf793d",
    "data": [
      {
        "text": "I want to make ",
        "userDefined": false
      },
      {
        "text": "@Foods:Foods",
        "alias": "Foods",
        "meta": "@Foods",
        "userDefined": true
      }
    ],
    "isTemplate": false,
    "count": 0,
    "updated": 0
  },
  {
    "id": "0a2e66be-cf29-46b4-917b-cc527fb71f9b",
    "data": [
      {
        "text": "I want to cook ",
        "userDefined": false
      },
      {
        "text": "@Foods:Foods",
        "alias": "Foods",
        "meta": "@Foods",
        "userDefined": true
      }
    ],
    "isTemplate": false,
    "count": 0,
    "updated": 0
  }
]