[
  {
    "id": "04f383df-1447-498b-b90c-cef018cbd44c",
    "data": [
      {
        "text": "help me",
        "userDefined": false
      }
    ],
    "isTemplate": false,
    "count": 0,
    "updated": 0
  },
  {
    "id": "d17c9cd0-8f38-4590-a1f7-869d36b1a3f2",
    "data": [
      {
        "text": "I need help",
        "userDefined": false
      }
    ],
    "isTemplate": false,
    "count": 0,
    "updated": 0
  },
  {
    "id": "8d98244a-7926-48c6-ae60-bfe5edf3fbcd",
    "data": [
      {
        "text": "how do I use this",
        "userDefined": false
      }
    ],
    "isTemplate": false,
    "count": 0,
    "updated": 0
  }
]